,Unnamed: 0,symboling,normalized-losses,make,aspiration,num-of-doors,body-style,drive-wheels,engine-location,wheel-base,length,width,height,curbweight,engine-type,num-of-cylinders,engine-size,fuel-system,bore,stroke,compression-ratio,horsepower,peak-rpm,city-mpg,highway-mpg,price,model,year,city-L/100km,highway-L/100km,horsepower-binned,fuel-type-diesel,fuel-type-gas,sports_or_wagon
0,0,3.0,122,alfa-romero,std,2,convertible,rwd,front,88.6,0.8111484863046613,0.8865836791147994,0.8160535117056856,2548.0,dohc,four,130.0,mpfi,3.47,2.68,9.0,111.0,5000.0,21.0,27.0,13495.0,,2019.4,11.19047619047619,9.37037037037037,low,0,1,22.954954954954953
1,1,3.0,122,alfa-romero,std,2,convertible,rwd,front,88.6,0.8111484863046613,0.8865836791147994,0.8160535117056856,2548.0,dohc,four,130.0,mpfi,3.47,2.68,9.0,111.0,5000.0,21.0,27.0,16500.0,,2019.4,11.19047619047619,9.37037037037037,low,0,1,22.954954954954953
2,2,1.0,122,alfa-romero,std,2,hatchback,rwd,front,94.5,0.8226814031715521,0.9059474412171508,0.8762541806020067,2823.0,ohcv,six,152.0,mpfi,2.68,3.47,9.0,154.0,5000.0,19.0,26.0,16500.0,,2019.4,12.36842105263158,9.73076923076923,medium,0,1,18.33116883116883
3,3,2.0,164,audi,std,4,sedan,fwd,front,99.8,0.8486304661220567,0.9156293222683264,0.9080267558528428,2337.0,ohc,four,109.0,mpfi,3.19,3.4,10.0,102.0,5500.0,24.0,30.0,13950.0,,2019.4,9.791666666666666,8.433333333333334,low,0,1,22.91176470588235
4,4,2.0,164,audi,std,4,sedan,4wd,front,99.4,0.8486304661220567,0.9183955739972338,0.9080267558528428,2824.0,ohc,five,136.0,mpfi,3.19,3.4,8.0,115.0,5500.0,18.0,22.0,17450.0,,2019.4,13.055555555555555,11.5,low,0,1,24.556521739130435
5,5,2.0,122,audi,std,2,sedan,fwd,front,99.8,0.8519942335415667,0.91701244813278,0.8879598662207359,2507.0,ohc,five,136.0,mpfi,3.19,3.4,8.5,110.0,5500.0,19.0,25.0,15250.0,,2019.4,12.36842105263158,10.12,low,0,1,22.79090909090909
6,6,1.0,158,audi,std,4,sedan,fwd,front,105.8,0.9259971167707832,0.9875518672199172,0.931438127090301,2844.0,ohc,five,136.0,mpfi,3.19,3.4,8.5,110.0,5500.0,19.0,25.0,17710.0,,2019.4,12.36842105263158,10.12,low,0,1,25.854545454545455
7,7,1.0,122,audi,std,4,wagon,fwd,front,105.8,0.9259971167707832,0.9875518672199172,0.931438127090301,2954.0,ohc,five,136.0,mpfi,3.19,3.4,8.5,110.0,5500.0,19.0,25.0,18920.0,,2019.4,12.36842105263158,10.12,low,0,1,26.854545454545455
8,8,1.0,158,audi,turbo,4,sedan,fwd,front,105.8,0.9259971167707832,0.9875518672199172,0.9347826086956522,3086.0,ohc,five,131.0,mpfi,3.13,3.4,8.3,140.0,5500.0,17.0,20.0,23875.0,,2019.4,13.823529411764708,12.65,medium,0,1,22.042857142857144
9,9,0.0,122,audi,turbo,2,hatchback,4wd,front,99.5,0.8563190773666506,0.9391424619640388,0.8695652173913044,3053.0,ohc,five,131.0,mpfi,3.13,3.4,7.0,160.0,5500.0,16.0,22.0,13207.129353233831,,2019.4,14.6875,11.5,medium,0,1,19.08125
10,10,2.0,192,bmw,std,2,sedan,rwd,front,101.2,0.849591542527631,0.8962655601659751,0.9080267558528428,2395.0,ohc,four,108.0,mpfi,3.5,2.8,8.8,101.0,5800.0,23.0,29.0,16430.0,,2019.4,10.217391304347826,8.724137931034482,low,0,1,23.712871287128714
11,11,0.0,192,bmw,std,4,sedan,rwd,front,101.2,0.849591542527631,0.8962655601659751,0.9080267558528428,2395.0,ohc,four,108.0,mpfi,3.5,2.8,8.8,101.0,5800.0,23.0,29.0,16925.0,,2019.4,10.217391304347826,8.724137931034482,low,0,1,23.712871287128714
12,12,0.0,188,bmw,std,2,sedan,rwd,front,101.2,0.849591542527631,0.8962655601659751,0.9080267558528428,2710.0,ohc,six,164.0,mpfi,3.31,3.19,9.0,121.0,4250.0,21.0,28.0,20970.0,,2019.4,11.19047619047619,9.035714285714286,low,0,1,22.39669421487603
13,13,0.0,188,bmw,std,4,sedan,rwd,front,101.2,0.849591542527631,0.8962655601659751,0.9080267558528428,2765.0,ohc,six,164.0,mpfi,3.31,3.19,9.0,121.0,4250.0,21.0,28.0,21105.0,,2019.4,11.19047619047619,9.035714285714286,low,0,1,22.85123966942149
14,14,1.0,122,bmw,std,4,sedan,rwd,front,103.5,0.9082172032676598,0.9253112033195022,0.931438127090301,3055.0,ohc,six,164.0,mpfi,3.31,3.19,9.0,121.0,4250.0,20.0,25.0,24565.0,,2019.4,11.75,10.12,low,0,1,25.24793388429752
15,15,0.0,122,bmw,std,4,sedan,rwd,front,103.5,0.9082172032676598,0.9253112033195022,0.931438127090301,3230.0,ohc,six,209.0,mpfi,3.62,3.39,8.0,182.0,5400.0,16.0,22.0,30760.0,,2019.4,14.6875,11.5,medium,0,1,17.747252747252748
16,16,0.0,122,bmw,std,2,sedan,rwd,front,103.5,0.9312830370014415,0.9391424619640388,0.8979933110367894,3380.0,ohc,six,209.0,mpfi,3.62,3.39,8.0,182.0,5400.0,16.0,22.0,41315.0,,2019.4,14.6875,11.5,medium,0,1,18.571428571428573
17,17,0.0,122,bmw,std,4,sedan,rwd,front,110.0,0.9466602594906296,0.9806362378976488,0.9414715719063546,3505.0,ohc,six,209.0,mpfi,3.62,3.39,8.0,182.0,5400.0,15.0,20.0,36880.0,,2019.4,15.666666666666666,12.65,medium,0,1,19.25824175824176
18,18,2.0,121,chevrolet,std,2,hatchback,fwd,front,88.4,0.6780394041326285,0.8340248962655602,0.8896321070234114,1488.0,l,three,61.0,2bbl,2.91,3.03,9.5,48.0,5100.0,47.0,53.0,5151.0,,2019.4,5.0,4.773584905660377,low,0,1,31.0
19,19,1.0,98,chevrolet,std,2,hatchback,fwd,front,94.5,0.7491590581451226,0.8796680497925312,0.8695652173913044,1874.0,ohc,four,90.0,2bbl,3.03,3.11,9.6,70.0,5400.0,38.0,43.0,6295.0,,2019.4,6.184210526315789,5.883720930232558,low,0,1,26.771428571428572
20,20,0.0,81,chevrolet,std,4,sedan,fwd,front,94.5,0.7630946660259491,0.8796680497925312,0.8695652173913044,1909.0,ohc,four,90.0,2bbl,3.03,3.11,9.6,70.0,5400.0,38.0,43.0,6575.0,,2019.4,6.184210526315789,5.883720930232558,low,0,1,27.271428571428572
21,21,1.0,118,dodge,std,2,hatchback,fwd,front,93.7,0.7558865929841423,0.8824343015214384,0.8494983277591973,1876.0,ohc,four,90.0,2bbl,2.97,3.23,9.41,68.0,5500.0,37.0,41.0,5572.0,,2019.4,6.351351351351352,6.170731707317073,low,0,1,27.58823529411765
22,22,1.0,118,dodge,std,2,hatchback,fwd,front,93.7,0.7558865929841423,0.8824343015214384,0.8494983277591973,1876.0,ohc,four,90.0,2bbl,2.97,3.23,9.4,68.0,5500.0,31.0,38.0,6377.0,,2019.4,7.580645161290323,6.657894736842105,low,0,1,27.58823529411765
23,23,1.0,118,dodge,turbo,2,hatchback,fwd,front,93.7,0.7558865929841423,0.8824343015214384,0.8494983277591973,2128.0,ohc,four,98.0,mpfi,3.03,3.39,7.6,102.0,5500.0,24.0,30.0,7957.0,,2019.4,9.791666666666666,8.433333333333334,low,0,1,20.862745098039216
24,24,1.0,148,dodge,std,4,hatchback,fwd,front,93.7,0.7558865929841423,0.8824343015214384,0.8461538461538463,1967.0,ohc,four,90.0,2bbl,2.97,3.23,9.4,68.0,5500.0,31.0,38.0,6229.0,,2019.4,7.580645161290323,6.657894736842105,low,0,1,28.926470588235293
25,25,1.0,148,dodge,std,4,sedan,fwd,front,93.7,0.7558865929841423,0.8824343015214384,0.8461538461538463,1989.0,ohc,four,90.0,2bbl,2.97,3.23,9.4,68.0,5500.0,31.0,38.0,6692.0,,2019.4,7.580645161290323,6.657894736842105,low,0,1,29.25
26,26,1.0,148,dodge,std,4,sedan,fwd,front,93.7,0.7558865929841423,0.8824343015214384,0.8461538461538463,1989.0,ohc,four,90.0,2bbl,2.97,3.23,9.4,68.0,5500.0,31.0,38.0,7609.0,,2019.4,7.580645161290323,6.657894736842105,low,0,1,29.25
27,27,1.0,148,dodge,turbo,4,sedan,fwd,front,93.7,0.7558865929841423,0.8824343015214384,0.8461538461538463,2191.0,ohc,four,98.0,mpfi,3.03,3.39,7.6,102.0,5500.0,24.0,30.0,8558.0,,2019.4,9.791666666666666,8.433333333333334,low,0,1,21.480392156862745
28,28,-1.0,110,dodge,std,4,wagon,fwd,front,103.3,0.8390197020663143,0.8934993084370677,1.0,2535.0,ohc,four,122.0,2bbl,3.34,3.46,8.5,88.0,5000.0,24.0,30.0,8921.0,,2019.4,9.791666666666666,8.433333333333334,low,0,1,28.806818181818183
29,29,3.0,145,dodge,turbo,2,hatchback,fwd,front,95.9,0.8322921672272945,0.91701244813278,0.8394648829431439,2811.0,ohc,four,156.0,mfi,3.6,3.9,7.0,145.0,5000.0,19.0,24.0,12964.0,,2019.4,12.36842105263158,10.541666666666666,medium,0,1,19.386206896551723
30,30,2.0,137,honda,std,2,hatchback,fwd,front,86.6,0.6948582412301778,0.8838174273858921,0.8494983277591973,1713.0,ohc,four,92.0,1bbl,2.91,3.41,9.6,58.0,4800.0,49.0,54.0,6479.0,,2019.4,4.795918367346939,4.685185185185185,low,0,1,29.53448275862069
31,31,2.0,137,honda,std,2,hatchback,fwd,front,86.6,0.6948582412301778,0.8838174273858921,0.8494983277591973,1819.0,ohc,four,92.0,1bbl,2.91,3.41,9.2,76.0,6000.0,31.0,38.0,6855.0,,2019.4,7.580645161290323,6.657894736842105,low,0,1,23.93421052631579
32,32,1.0,101,honda,std,2,hatchback,fwd,front,93.7,0.7208073041806824,0.8852005532503459,0.8795986622073579,1837.0,ohc,four,79.0,1bbl,2.91,3.07,10.1,60.0,5500.0,38.0,42.0,5399.0,,2019.4,6.184210526315789,6.023809523809524,low,0,1,30.616666666666667
33,33,1.0,101,honda,std,2,hatchback,fwd,front,93.7,0.7208073041806824,0.8852005532503459,0.8795986622073579,1940.0,ohc,four,92.0,1bbl,2.91,3.41,9.2,76.0,6000.0,30.0,34.0,6529.0,,2019.4,7.833333333333333,7.4411764705882355,low,0,1,25.526315789473685
34,34,1.0,101,honda,std,2,hatchback,fwd,front,93.7,0.7208073041806824,0.8852005532503459,0.8795986622073579,1956.0,ohc,four,92.0,1bbl,2.91,3.41,9.2,76.0,6000.0,30.0,34.0,7129.0,,2019.4,7.833333333333333,7.4411764705882355,low,0,1,25.736842105263158
35,35,0.0,110,honda,std,4,sedan,fwd,front,96.5,0.7851994233541567,0.8852005532503459,0.911371237458194,2010.0,ohc,four,92.0,1bbl,2.91,3.41,9.2,76.0,6000.0,30.0,34.0,7295.0,,2019.4,7.833333333333333,7.4411764705882355,low,0,1,26.44736842105263
36,36,0.0,78,honda,std,4,wagon,fwd,front,96.5,0.754925516578568,0.8838174273858921,0.9749163879598662,2024.0,ohc,four,92.0,1bbl,2.92,3.41,9.2,76.0,6000.0,30.0,34.0,7295.0,,2019.4,7.833333333333333,7.4411764705882355,low,0,1,26.63157894736842
37,37,0.0,106,honda,std,2,hatchback,fwd,front,96.5,0.8049014896684287,0.90179806362379,0.8913043478260869,2236.0,ohc,four,110.0,1bbl,3.15,3.58,9.0,86.0,5800.0,27.0,33.0,7895.0,,2019.4,8.703703703703704,7.666666666666667,low,0,1,26.0
38,38,0.0,106,honda,std,2,hatchback,fwd,front,96.5,0.8049014896684287,0.90179806362379,0.8913043478260869,2289.0,ohc,four,110.0,1bbl,3.15,3.58,9.0,86.0,5800.0,27.0,33.0,9095.0,,2019.4,8.703703703703704,7.666666666666667,low,0,1,26.61627906976744
39,39,0.0,85,honda,std,4,sedan,fwd,front,96.5,0.8428640076886112,0.90179806362379,0.9046822742474916,2304.0,ohc,four,110.0,1bbl,3.15,3.58,9.0,86.0,5800.0,27.0,33.0,8845.0,,2019.4,8.703703703703704,7.666666666666667,low,0,1,26.790697674418606
40,40,0.0,85,honda,std,4,sedan,fwd,front,96.5,0.8428640076886112,0.8644536652835408,0.9046822742474916,2372.0,ohc,four,110.0,1bbl,3.15,3.58,9.0,86.0,5800.0,27.0,33.0,10295.0,,2019.4,8.703703703703704,7.666666666666667,low,0,1,27.58139534883721
41,41,0.0,85,honda,std,4,sedan,fwd,front,96.5,0.8428640076886112,0.90179806362379,0.9046822742474916,2465.0,ohc,four,110.0,mpfi,3.15,3.58,9.0,101.0,5800.0,24.0,28.0,12945.0,,2019.4,9.791666666666666,9.035714285714286,low,0,1,24.405940594059405
42,42,1.0,107,honda,std,2,sedan,fwd,front,96.5,0.8125901009130225,0.9128630705394192,0.8528428093645485,2293.0,ohc,four,110.0,2bbl,3.15,3.58,9.1,100.0,5500.0,25.0,31.0,10345.0,,2019.4,9.4,8.161290322580646,low,0,1,22.93
43,43,0.0,122,isuzu,std,4,sedan,rwd,front,94.3,0.8202787121576165,0.8547717842323651,0.8946488294314382,2337.0,ohc,four,111.0,2bbl,3.31,3.23,8.5,78.0,4800.0,24.0,29.0,6785.0,,2019.4,9.791666666666666,8.724137931034482,low,0,1,29.96153846153846
44,44,1.0,122,isuzu,std,2,sedan,fwd,front,94.5,0.7491590581451226,0.8796680497925312,0.8695652173913044,1874.0,ohc,four,90.0,2bbl,3.03,3.11,9.6,70.0,5400.0,38.0,43.0,13207.129353233831,,2019.4,6.184210526315789,5.883720930232558,low,0,1,26.771428571428572
45,45,0.0,122,isuzu,std,4,sedan,fwd,front,94.5,0.7491590581451226,0.8796680497925312,0.8695652173913044,1909.0,ohc,four,90.0,2bbl,3.03,3.11,9.6,70.0,5400.0,38.0,43.0,13207.129353233831,,2019.4,6.184210526315789,5.883720930232558,low,0,1,27.271428571428572
46,46,2.0,122,isuzu,std,2,hatchback,rwd,front,96.0,0.8294089380105718,0.90179806362379,0.8595317725752508,2734.0,ohc,four,119.0,spfi,3.43,3.23,9.2,90.0,5000.0,24.0,29.0,11048.0,,2019.4,9.791666666666666,8.724137931034482,low,0,1,30.377777777777776
47,47,0.0,145,jaguar,std,4,sedan,rwd,front,113.0,0.9591542527630946,0.962655601659751,0.882943143812709,4066.0,dohc,six,258.0,mpfi,3.63,4.17,8.1,176.0,4750.0,15.0,19.0,32250.0,,2019.4,15.666666666666666,13.31578947368421,medium,0,1,23.102272727272727
48,48,0.0,122,jaguar,std,4,sedan,rwd,front,113.0,0.9591542527630946,0.962655601659751,0.882943143812709,4066.0,dohc,six,258.0,mpfi,3.63,4.17,8.1,176.0,4750.0,15.0,19.0,35550.0,,2019.4,15.666666666666666,13.31578947368421,medium,0,1,23.102272727272727
49,49,0.0,122,jaguar,std,2,sedan,rwd,front,102.0,0.921191734742912,0.9764868603042876,0.7993311036789298,3950.0,ohcv,twelve,326.0,mpfi,3.54,2.76,11.5,262.0,5000.0,13.0,17.0,36000.0,,2019.4,18.07692307692308,14.882352941176473,high,0,1,15.076335877862595
50,50,1.0,104,mazda,std,2,hatchback,fwd,front,93.1,0.7645362806343105,0.8879668049792532,0.9046822742474916,1890.0,ohc,four,91.0,2bbl,3.03,3.15,9.0,68.0,5000.0,30.0,31.0,5195.0,,2019.4,7.833333333333333,8.161290322580646,low,0,1,27.794117647058822
51,51,1.0,104,mazda,std,2,hatchback,fwd,front,93.1,0.7645362806343105,0.8879668049792532,0.9046822742474916,1900.0,ohc,four,91.0,2bbl,3.03,3.15,9.0,68.0,5000.0,31.0,38.0,6095.0,,2019.4,7.580645161290323,6.657894736842105,low,0,1,27.941176470588236
52,52,1.0,104,mazda,std,2,hatchback,fwd,front,93.1,0.7645362806343105,0.8879668049792532,0.9046822742474916,1905.0,ohc,four,91.0,2bbl,3.03,3.15,9.0,68.0,5000.0,31.0,38.0,6795.0,,2019.4,7.580645161290323,6.657894736842105,low,0,1,28.014705882352942
53,53,1.0,113,mazda,std,4,sedan,fwd,front,93.1,0.8015377222489188,0.8879668049792532,0.9046822742474916,1945.0,ohc,four,91.0,2bbl,3.03,3.15,9.0,68.0,5000.0,31.0,38.0,6695.0,,2019.4,7.580645161290323,6.657894736842105,low,0,1,28.602941176470587
54,54,1.0,113,mazda,std,4,sedan,fwd,front,93.1,0.8015377222489188,0.8879668049792532,0.9046822742474916,1950.0,ohc,four,91.0,2bbl,3.08,3.15,9.0,68.0,5000.0,31.0,38.0,7395.0,,2019.4,7.580645161290323,6.657894736842105,low,0,1,28.676470588235293
55,55,3.0,150,mazda,std,2,hatchback,rwd,front,95.3,0.8121095627102355,0.9087136929460582,0.8294314381270904,2380.0,rotor,two,70.0,4bbl,3.3297512437810943,3.255422885572139,9.4,101.0,6000.0,17.0,23.0,10945.0,,2019.4,13.823529411764708,11.0,low,0,1,23.564356435643564
56,56,3.0,150,mazda,std,2,hatchback,rwd,front,95.3,0.8121095627102355,0.9087136929460582,0.8294314381270904,2380.0,rotor,two,70.0,4bbl,3.3297512437810943,3.255422885572139,9.4,101.0,6000.0,17.0,23.0,11845.0,,2019.4,13.823529411764708,11.0,low,0,1,23.564356435643564
57,57,3.0,150,mazda,std,2,hatchback,rwd,front,95.3,0.8121095627102355,0.9087136929460582,0.8294314381270904,2385.0,rotor,two,70.0,4bbl,3.3297512437810943,3.255422885572139,9.4,101.0,6000.0,17.0,23.0,13645.0,,2019.4,13.823529411764708,11.0,low,0,1,23.613861386138613
58,58,3.0,150,mazda,std,2,hatchback,rwd,front,95.3,0.8121095627102355,0.9087136929460582,0.8294314381270904,2500.0,rotor,two,80.0,mpfi,3.3297512437810943,3.255422885572139,9.4,135.0,6000.0,16.0,23.0,15645.0,,2019.4,14.6875,11.0,medium,0,1,18.51851851851852
59,59,1.0,129,mazda,std,2,hatchback,fwd,front,98.8,0.8543969245555022,0.9197786998616876,0.8979933110367894,2385.0,ohc,four,122.0,2bbl,3.39,3.39,8.6,84.0,4800.0,26.0,32.0,8845.0,,2019.4,9.038461538461538,7.90625,low,0,1,28.392857142857142
60,60,0.0,115,mazda,std,4,sedan,fwd,front,98.8,0.8543969245555022,0.9197786998616876,0.92809364548495,2410.0,ohc,four,122.0,2bbl,3.39,3.39,8.6,84.0,4800.0,26.0,32.0,8495.0,,2019.4,9.038461538461538,7.90625,low,0,1,28.69047619047619
61,61,1.0,129,mazda,std,2,hatchback,fwd,front,98.8,0.8543969245555022,0.9197786998616876,0.8979933110367894,2385.0,ohc,four,122.0,2bbl,3.39,3.39,8.6,84.0,4800.0,26.0,32.0,10595.0,,2019.4,9.038461538461538,7.90625,low,0,1,28.392857142857142
62,62,0.0,115,mazda,std,4,sedan,fwd,front,98.8,0.8543969245555022,0.9197786998616876,0.92809364548495,2410.0,ohc,four,122.0,2bbl,3.39,3.39,8.6,84.0,4800.0,26.0,32.0,10245.0,,2019.4,9.038461538461538,7.90625,low,0,1,28.69047619047619
63,63,0.0,122,mazda,std,4,sedan,fwd,front,98.8,0.8543969245555022,0.9197786998616876,0.92809364548495,2443.0,ohc,four,122.0,idi,3.39,3.39,22.7,64.0,4650.0,36.0,42.0,10795.0,,2019.4,6.527777777777778,6.023809523809524,low,1,0,38.171875
64,64,0.0,115,mazda,std,4,hatchback,fwd,front,98.8,0.8543969245555022,0.9197786998616876,0.92809364548495,2425.0,ohc,four,122.0,2bbl,3.39,3.39,8.6,84.0,4800.0,26.0,32.0,11245.0,,2019.4,9.038461538461538,7.90625,low,0,1,28.86904761904762
65,65,0.0,118,mazda,std,4,sedan,rwd,front,104.9,0.8409418548774628,0.9142461964038728,0.9096989966555185,2670.0,ohc,four,140.0,mpfi,3.76,3.16,8.0,120.0,5000.0,19.0,27.0,18280.0,,2019.4,12.36842105263158,9.37037037037037,low,0,1,22.25
66,66,0.0,122,mazda,std,4,sedan,rwd,front,104.9,0.8409418548774628,0.9142461964038728,0.9096989966555185,2700.0,ohc,four,134.0,idi,3.43,3.64,22.0,72.0,4200.0,31.0,39.0,18344.0,,2019.4,7.580645161290323,6.487179487179487,low,1,0,37.5
67,67,-1.0,93,mercedes-benz,turbo,4,sedan,rwd,front,110.0,0.9173474291206152,0.9723374827109268,0.9448160535117056,3515.0,ohc,five,183.0,idi,3.58,3.64,21.5,123.0,4350.0,22.0,25.0,25552.0,,2019.4,10.681818181818182,10.12,low,1,0,28.577235772357724
68,68,-1.0,93,mercedes-benz,turbo,4,wagon,rwd,front,110.0,0.9173474291206152,0.9723374827109268,0.9816053511705688,3750.0,ohc,five,183.0,idi,3.58,3.64,21.5,123.0,4350.0,22.0,25.0,28248.0,,2019.4,10.681818181818182,10.12,low,1,0,30.48780487804878
69,69,0.0,93,mercedes-benz,turbo,2,hardtop,rwd,front,106.7,0.9010091302258528,0.9723374827109268,0.9180602006688964,3495.0,ohc,five,183.0,idi,3.58,3.64,21.5,123.0,4350.0,22.0,25.0,28176.0,,2019.4,10.681818181818182,10.12,low,1,0,28.414634146341463
70,70,-1.0,93,mercedes-benz,turbo,4,sedan,rwd,front,115.6,0.9735703988467084,0.991701244813278,0.9414715719063546,3770.0,ohc,five,183.0,idi,3.58,3.64,21.5,123.0,4350.0,22.0,25.0,31600.0,,2019.4,10.681818181818182,10.12,low,1,0,30.650406504065042
71,71,-1.0,122,mercedes-benz,std,4,sedan,rwd,front,115.6,0.9735703988467084,0.991701244813278,0.9448160535117056,3740.0,ohcv,eight,234.0,mpfi,3.46,3.1,8.3,155.0,4750.0,16.0,18.0,34184.0,,2019.4,14.6875,14.055555555555555,medium,0,1,24.129032258064516
72,72,3.0,142,mercedes-benz,std,2,convertible,rwd,front,96.6,0.8664103796251803,0.975103734439834,0.8494983277591973,3685.0,ohcv,eight,234.0,mpfi,3.46,3.1,8.3,155.0,4750.0,16.0,18.0,35056.0,,2019.4,14.6875,14.055555555555555,medium,0,1,23.774193548387096
73,73,0.0,122,mercedes-benz,std,4,sedan,rwd,front,120.9,1.0,0.991701244813278,0.948160535117057,3900.0,ohcv,eight,308.0,mpfi,3.8,3.35,8.0,184.0,4500.0,14.0,16.0,40960.0,,2019.4,16.785714285714285,15.8125,medium,0,1,21.195652173913043
74,74,1.0,122,mercedes-benz,std,2,hardtop,rwd,front,112.0,0.957232099951946,0.995850622406639,0.9264214046822744,3715.0,ohcv,eight,304.0,mpfi,3.8,3.35,8.0,184.0,4500.0,14.0,16.0,45400.0,,2019.4,16.785714285714285,15.8125,medium,0,1,20.190217391304348
75,75,1.0,122,mercury,turbo,2,hatchback,rwd,front,102.7,0.857280153772225,0.9405255878284924,0.9163879598662208,2910.0,ohc,four,140.0,mpfi,3.78,3.12,8.0,175.0,5000.0,19.0,24.0,16503.0,,2019.4,12.36842105263158,10.541666666666666,medium,0,1,16.62857142857143
76,76,2.0,161,mitsubishi,std,2,hatchback,fwd,front,93.7,0.7558865929841423,0.8907330567081606,0.8494983277591973,1918.0,ohc,four,92.0,2bbl,2.97,3.23,9.4,68.0,5500.0,37.0,41.0,5389.0,,2019.4,6.351351351351352,6.170731707317073,low,0,1,28.205882352941178
77,77,2.0,161,mitsubishi,std,2,hatchback,fwd,front,93.7,0.7558865929841423,0.8907330567081606,0.8494983277591973,1944.0,ohc,four,92.0,2bbl,2.97,3.23,9.4,68.0,5500.0,31.0,38.0,6189.0,,2019.4,7.580645161290323,6.657894736842105,low,0,1,28.58823529411765
78,78,2.0,161,mitsubishi,std,2,hatchback,fwd,front,93.7,0.7558865929841423,0.8907330567081606,0.8494983277591973,2004.0,ohc,four,92.0,2bbl,2.97,3.23,9.4,68.0,5500.0,31.0,38.0,6669.0,,2019.4,7.580645161290323,6.657894736842105,low,0,1,29.470588235294116
79,79,1.0,161,mitsubishi,turbo,2,hatchback,fwd,front,93.0,0.7558865929841423,0.8824343015214384,0.8494983277591973,2145.0,ohc,four,98.0,spdi,3.03,3.39,7.6,102.0,5500.0,24.0,30.0,7689.0,,2019.4,9.791666666666666,8.433333333333334,low,0,1,21.029411764705884
80,80,3.0,153,mitsubishi,turbo,2,hatchback,fwd,front,96.3,0.8313310908217203,0.9045643153526972,0.8260869565217391,2370.0,ohc,four,110.0,spdi,3.17,3.46,7.5,116.0,5500.0,23.0,30.0,9959.0,,2019.4,10.217391304347826,8.433333333333334,low,0,1,20.43103448275862
81,81,3.0,153,mitsubishi,std,2,hatchback,fwd,front,96.3,0.8313310908217203,0.9045643153526972,0.8260869565217391,2328.0,ohc,four,122.0,2bbl,3.35,3.46,8.5,88.0,5000.0,25.0,32.0,8499.0,,2019.4,9.4,7.90625,low,0,1,26.454545454545453
82,82,3.0,122,mitsubishi,turbo,2,hatchback,fwd,front,95.9,0.8322921672272945,0.91701244813278,0.8394648829431439,2833.0,ohc,four,156.0,spdi,3.58,3.86,7.0,145.0,5000.0,19.0,24.0,12629.0,,2019.4,12.36842105263158,10.541666666666666,medium,0,1,19.53793103448276
83,83,3.0,122,mitsubishi,turbo,2,hatchback,fwd,front,95.9,0.8322921672272945,0.91701244813278,0.8394648829431439,2921.0,ohc,four,156.0,spdi,3.59,3.86,7.0,145.0,5000.0,19.0,24.0,14869.0,,2019.4,12.36842105263158,10.541666666666666,medium,0,1,20.144827586206898
84,84,3.0,122,mitsubishi,turbo,2,hatchback,fwd,front,95.9,0.8322921672272945,0.91701244813278,0.8394648829431439,2926.0,ohc,four,156.0,spdi,3.59,3.86,7.0,145.0,5000.0,19.0,24.0,14489.0,,2019.4,12.36842105263158,10.541666666666666,medium,0,1,20.179310344827588
85,85,1.0,125,mitsubishi,std,4,sedan,fwd,front,96.3,0.8284478616049976,0.9045643153526972,0.8628762541806021,2365.0,ohc,four,122.0,2bbl,3.35,3.46,8.5,88.0,5000.0,25.0,32.0,6989.0,,2019.4,9.4,7.90625,low,0,1,26.875
86,86,1.0,125,mitsubishi,std,4,sedan,fwd,front,96.3,0.8284478616049976,0.9045643153526972,0.8628762541806021,2405.0,ohc,four,122.0,2bbl,3.35,3.46,8.5,88.0,5000.0,25.0,32.0,8189.0,,2019.4,9.4,7.90625,low,0,1,27.329545454545453
87,87,1.0,125,mitsubishi,turbo,4,sedan,fwd,front,96.3,0.8284478616049976,0.9045643153526972,0.8628762541806021,2403.0,ohc,four,110.0,spdi,3.17,3.46,7.5,116.0,5500.0,23.0,30.0,9279.0,,2019.4,10.217391304347826,8.433333333333334,low,0,1,20.71551724137931
88,88,-1.0,137,mitsubishi,std,4,sedan,fwd,front,96.3,0.8284478616049976,0.9045643153526972,0.8628762541806021,2403.0,ohc,four,110.0,spdi,3.17,3.46,7.5,116.0,5500.0,23.0,30.0,9279.0,,2019.4,10.217391304347826,8.433333333333334,low,0,1,20.71551724137931
89,89,1.0,128,nissan,std,2,sedan,fwd,front,94.5,0.794329649207112,0.8824343015214384,0.911371237458194,1889.0,ohc,four,97.0,2bbl,3.15,3.29,9.4,69.0,5200.0,31.0,37.0,5499.0,,2019.4,7.580645161290323,6.837837837837838,low,0,1,27.3768115942029
90,90,1.0,128,nissan,std,2,sedan,fwd,front,94.5,0.794329649207112,0.8824343015214384,0.911371237458194,2017.0,ohc,four,103.0,idi,2.99,3.47,21.9,55.0,4800.0,45.0,50.0,7099.0,,2019.4,5.222222222222222,5.06,low,1,0,36.67272727272727
91,91,1.0,128,nissan,std,2,sedan,fwd,front,94.5,0.794329649207112,0.8824343015214384,0.911371237458194,1918.0,ohc,four,97.0,2bbl,3.15,3.29,9.4,69.0,5200.0,31.0,37.0,6649.0,,2019.4,7.580645161290323,6.837837837837838,low,0,1,27.797101449275363
92,92,1.0,122,nissan,std,4,sedan,fwd,front,94.5,0.794329649207112,0.8824343015214384,0.911371237458194,1938.0,ohc,four,97.0,2bbl,3.15,3.29,9.4,69.0,5200.0,31.0,37.0,6849.0,,2019.4,7.580645161290323,6.837837837837838,low,0,1,28.08695652173913
93,93,1.0,103,nissan,std,4,wagon,fwd,front,94.5,0.8178760211436809,0.8824343015214384,0.8946488294314382,2024.0,ohc,four,97.0,2bbl,3.15,3.29,9.4,69.0,5200.0,31.0,37.0,7349.0,,2019.4,7.580645161290323,6.837837837837838,low,0,1,29.333333333333332
94,94,1.0,128,nissan,std,2,sedan,fwd,front,94.5,0.794329649207112,0.8824343015214384,0.911371237458194,1951.0,ohc,four,97.0,2bbl,3.15,3.29,9.4,69.0,5200.0,31.0,37.0,7299.0,,2019.4,7.580645161290323,6.837837837837838,low,0,1,28.27536231884058
95,95,1.0,128,nissan,std,2,hatchback,fwd,front,94.5,0.7957712638154734,0.8824343015214384,0.8913043478260869,2028.0,ohc,four,97.0,2bbl,3.15,3.29,9.4,69.0,5200.0,31.0,37.0,7799.0,,2019.4,7.580645161290323,6.837837837837838,low,0,1,29.391304347826086
96,96,1.0,122,nissan,std,4,sedan,fwd,front,94.5,0.794329649207112,0.8824343015214384,0.911371237458194,1971.0,ohc,four,97.0,2bbl,3.15,3.29,9.4,69.0,5200.0,31.0,37.0,7499.0,,2019.4,7.580645161290323,6.837837837837838,low,0,1,28.565217391304348
97,97,1.0,103,nissan,std,4,wagon,fwd,front,94.5,0.8178760211436809,0.8824343015214384,0.8946488294314382,2037.0,ohc,four,97.0,2bbl,3.15,3.29,9.4,69.0,5200.0,31.0,37.0,7999.0,,2019.4,7.580645161290323,6.837837837837838,low,0,1,29.52173913043478
98,98,2.0,168,nissan,std,2,hardtop,fwd,front,95.1,0.7803940413262855,0.8824343015214384,0.8913043478260869,2008.0,ohc,four,97.0,2bbl,3.15,3.29,9.4,69.0,5200.0,31.0,37.0,8249.0,,2019.4,7.580645161290323,6.837837837837838,low,0,1,29.10144927536232
99,99,0.0,106,nissan,std,4,hatchback,fwd,front,97.2,0.8332532436328689,0.90179806362379,0.9147157190635452,2324.0,ohc,four,120.0,2bbl,3.33,3.47,8.5,97.0,5200.0,27.0,34.0,8949.0,,2019.4,8.703703703703704,7.4411764705882355,low,0,1,23.95876288659794
100,100,0.0,106,nissan,std,4,sedan,fwd,front,97.2,0.8332532436328689,0.90179806362379,0.9147157190635452,2302.0,ohc,four,120.0,2bbl,3.33,3.47,8.5,97.0,5200.0,27.0,34.0,9549.0,,2019.4,8.703703703703704,7.4411764705882355,low,0,1,23.7319587628866
101,101,0.0,128,nissan,std,4,sedan,fwd,front,100.4,0.8731379144641999,0.9197786998616876,0.9214046822742477,3095.0,ohcv,six,181.0,mpfi,3.43,3.27,9.0,152.0,5200.0,17.0,22.0,13499.0,,2019.4,13.823529411764708,11.5,medium,0,1,20.361842105263158
102,102,0.0,108,nissan,std,4,wagon,fwd,front,100.4,0.8870735223450265,0.9197786998616876,0.9381270903010034,3296.0,ohcv,six,181.0,mpfi,3.43,3.27,9.0,152.0,5200.0,17.0,22.0,14399.0,,2019.4,13.823529411764708,11.5,medium,0,1,21.68421052631579
103,103,0.0,108,nissan,std,4,sedan,fwd,front,100.4,0.8870735223450265,0.9197786998616876,0.9214046822742477,3060.0,ohcv,six,181.0,mpfi,3.43,3.27,9.0,152.0,5200.0,19.0,25.0,13499.0,,2019.4,12.36842105263158,10.12,medium,0,1,20.13157894736842
104,104,3.0,194,nissan,std,2,hatchback,rwd,front,91.3,0.8202787121576165,0.9391424619640388,0.831103678929766,3071.0,ohcv,six,181.0,mpfi,3.43,3.27,9.0,160.0,5200.0,19.0,25.0,17199.0,,2019.4,12.36842105263158,10.12,medium,0,1,19.19375
105,105,3.0,194,nissan,turbo,2,hatchback,rwd,front,91.3,0.8202787121576165,0.9391424619640388,0.831103678929766,3139.0,ohcv,six,181.0,mpfi,3.43,3.27,7.8,200.0,5200.0,17.0,23.0,19699.0,,2019.4,13.823529411764708,11.0,medium,0,1,15.695
106,106,1.0,231,nissan,std,2,hatchback,rwd,front,99.2,0.857760691975012,0.9391424619640388,0.831103678929766,3139.0,ohcv,six,181.0,mpfi,3.43,3.27,9.0,160.0,5200.0,19.0,25.0,18399.0,,2019.4,12.36842105263158,10.12,medium,0,1,19.61875
107,107,0.0,161,peugot,std,4,sedan,rwd,front,107.9,0.897164824603556,0.9460580912863072,0.948160535117057,3020.0,l,four,120.0,mpfi,3.46,3.19,8.4,97.0,5000.0,19.0,24.0,11900.0,,2019.4,12.36842105263158,10.541666666666666,low,0,1,31.1340206185567
108,108,0.0,161,peugot,turbo,4,sedan,rwd,front,107.9,0.897164824603556,0.9460580912863072,0.948160535117057,3197.0,l,four,152.0,idi,3.7,3.52,21.0,95.0,4150.0,28.0,33.0,13200.0,,2019.4,8.392857142857142,7.666666666666667,low,1,0,33.65263157894737
109,109,0.0,122,peugot,std,4,wagon,rwd,front,114.2,0.9557904853435848,0.9460580912863072,0.9816053511705688,3230.0,l,four,120.0,mpfi,3.46,3.19,8.4,97.0,5000.0,19.0,24.0,12440.0,,2019.4,12.36842105263158,10.541666666666666,low,0,1,33.29896907216495
110,110,0.0,122,peugot,turbo,4,wagon,rwd,front,114.2,0.9557904853435848,0.9460580912863072,0.9816053511705688,3430.0,l,four,152.0,idi,3.7,3.52,21.0,95.0,4150.0,25.0,25.0,13860.0,,2019.4,9.4,10.12,low,1,0,36.10526315789474
111,111,0.0,161,peugot,std,4,sedan,rwd,front,107.9,0.897164824603556,0.9460580912863072,0.948160535117057,3075.0,l,four,120.0,mpfi,3.46,2.19,8.4,95.0,5000.0,19.0,24.0,15580.0,,2019.4,12.36842105263158,10.541666666666666,low,0,1,32.36842105263158
112,112,0.0,161,peugot,turbo,4,sedan,rwd,front,107.9,0.897164824603556,0.9460580912863072,0.948160535117057,3252.0,l,four,152.0,idi,3.7,3.52,21.0,95.0,4150.0,28.0,33.0,16900.0,,2019.4,8.392857142857142,7.666666666666667,low,1,0,34.23157894736842
113,113,0.0,122,peugot,std,4,wagon,rwd,front,114.2,0.9557904853435848,0.9460580912863072,0.948160535117057,3285.0,l,four,120.0,mpfi,3.46,2.19,8.4,95.0,5000.0,19.0,24.0,16695.0,,2019.4,12.36842105263158,10.541666666666666,low,0,1,34.578947368421055
114,114,0.0,122,peugot,turbo,4,wagon,rwd,front,114.2,0.9557904853435848,0.9460580912863072,0.9816053511705688,3485.0,l,four,152.0,idi,3.7,3.52,21.0,95.0,4150.0,25.0,25.0,17075.0,,2019.4,9.4,10.12,low,1,0,36.68421052631579
115,115,0.0,161,peugot,std,4,sedan,rwd,front,107.9,0.897164824603556,0.9460580912863072,0.948160535117057,3075.0,l,four,120.0,mpfi,3.46,3.19,8.4,97.0,5000.0,19.0,24.0,16630.0,,2019.4,12.36842105263158,10.541666666666666,low,0,1,31.701030927835053
116,116,0.0,161,peugot,turbo,4,sedan,rwd,front,107.9,0.897164824603556,0.9460580912863072,0.948160535117057,3252.0,l,four,152.0,idi,3.7,3.52,21.0,95.0,4150.0,28.0,33.0,17950.0,,2019.4,8.392857142857142,7.666666666666667,low,1,0,34.23157894736842
117,117,0.0,161,peugot,turbo,4,sedan,rwd,front,108.0,0.897164824603556,0.9446749654218534,0.9364548494983278,3130.0,l,four,134.0,mpfi,3.61,3.21,7.0,142.0,5600.0,18.0,24.0,18150.0,,2019.4,13.055555555555555,10.541666666666666,medium,0,1,22.04225352112676
118,118,1.0,119,plymouth,std,2,hatchback,fwd,front,93.7,0.7558865929841423,0.8824343015214384,0.8494983277591973,1918.0,ohc,four,90.0,2bbl,2.97,3.23,9.4,68.0,5500.0,37.0,41.0,5572.0,,2019.4,6.351351351351352,6.170731707317073,low,0,1,28.205882352941178
119,119,1.0,119,plymouth,turbo,2,hatchback,fwd,front,93.7,0.7558865929841423,0.8824343015214384,0.8494983277591973,2128.0,ohc,four,98.0,spdi,3.03,3.39,7.6,102.0,5500.0,24.0,30.0,7957.0,,2019.4,9.791666666666666,8.433333333333334,low,0,1,20.862745098039216
120,120,1.0,154,plymouth,std,4,hatchback,fwd,front,93.7,0.7558865929841423,0.8824343015214384,0.8461538461538463,1967.0,ohc,four,90.0,2bbl,2.97,3.23,9.4,68.0,5500.0,31.0,38.0,6229.0,,2019.4,7.580645161290323,6.657894736842105,low,0,1,28.926470588235293
121,121,1.0,154,plymouth,std,4,sedan,fwd,front,93.7,0.8039404132628545,0.8824343015214384,0.8494983277591973,1989.0,ohc,four,90.0,2bbl,2.97,3.23,9.4,68.0,5500.0,31.0,38.0,6692.0,,2019.4,7.580645161290323,6.657894736842105,low,0,1,29.25
122,122,1.0,154,plymouth,std,4,sedan,fwd,front,93.7,0.8039404132628545,0.8824343015214384,0.8494983277591973,2191.0,ohc,four,98.0,2bbl,2.97,3.23,9.4,68.0,5500.0,31.0,38.0,7609.0,,2019.4,7.580645161290323,6.657894736842105,low,0,1,32.220588235294116
123,123,-1.0,74,plymouth,std,4,wagon,fwd,front,103.3,0.8390197020663143,0.8934993084370677,1.0,2535.0,ohc,four,122.0,2bbl,3.35,3.46,8.5,88.0,5000.0,24.0,30.0,8921.0,,2019.4,9.791666666666666,8.433333333333334,low,0,1,28.806818181818183
124,124,3.0,122,plymouth,turbo,2,hatchback,rwd,front,95.9,0.8322921672272945,0.91701244813278,0.8394648829431439,2818.0,ohc,four,156.0,spdi,3.59,3.86,7.0,145.0,5000.0,19.0,24.0,12764.0,,2019.4,12.36842105263158,10.541666666666666,medium,0,1,19.43448275862069
125,125,3.0,186,porsche,std,2,hatchback,rwd,front,94.5,0.8116290245074483,0.9446749654218534,0.8394648829431439,2778.0,ohc,four,151.0,mpfi,3.94,3.11,9.5,143.0,5500.0,19.0,27.0,22018.0,,2019.4,12.36842105263158,9.37037037037037,medium,0,1,19.426573426573427
126,126,3.0,122,porsche,std,2,hardtop,rwd,rear,89.5,0.8116290245074483,0.8990318118948825,0.8628762541806021,2756.0,ohcf,six,194.0,mpfi,3.74,2.9,9.5,207.0,5900.0,17.0,25.0,32528.0,,2019.4,13.823529411764708,10.12,medium,0,1,13.31400966183575
127,127,3.0,122,porsche,std,2,hardtop,rwd,rear,89.5,0.8116290245074483,0.8990318118948825,0.8628762541806021,2756.0,ohcf,six,194.0,mpfi,3.74,2.9,9.5,207.0,5900.0,17.0,25.0,34028.0,,2019.4,13.823529411764708,10.12,medium,0,1,13.31400966183575
128,128,3.0,122,porsche,std,2,convertible,rwd,rear,89.5,0.8116290245074483,0.8990318118948825,0.8628762541806021,2800.0,ohcf,six,194.0,mpfi,3.74,2.9,9.5,207.0,5900.0,17.0,25.0,37028.0,,2019.4,13.823529411764708,10.12,medium,0,1,13.526570048309178
129,129,1.0,122,porsche,std,2,hatchback,rwd,front,98.4,0.8443056222969726,1.0,0.8444816053511706,3366.0,dohcv,eight,203.0,mpfi,3.94,3.11,10.0,288.0,5750.0,17.0,28.0,13207.129353233831,,2019.4,13.823529411764708,9.035714285714286,high,0,1,11.6875
130,130,0.0,122,renault,std,4,wagon,fwd,front,96.1,0.8721768380586257,0.9197786998616876,0.9230769230769232,2579.0,ohc,four,132.0,mpfi,3.46,3.9,8.7,104.256157635468,5125.369458128079,23.0,31.0,9295.0,,2019.4,10.217391304347826,8.161290322580646,low,0,1,24.73714798714798
131,131,2.0,122,renault,std,2,hatchback,fwd,front,96.1,0.849591542527631,0.921161825726141,0.8444816053511706,2460.0,ohc,four,132.0,mpfi,3.46,3.9,8.7,104.256157635468,5125.369458128079,23.0,31.0,9895.0,,2019.4,10.217391304347826,8.161290322580646,low,0,1,23.59572859572859
132,132,3.0,150,saab,std,2,hatchback,fwd,front,99.1,0.8966842864007688,0.9197786998616876,0.9381270903010034,2658.0,ohc,four,121.0,mpfi,3.54,3.07,9.31,110.0,5250.0,21.0,28.0,11850.0,,2019.4,11.19047619047619,9.035714285714286,low,0,1,24.163636363636364
133,133,2.0,104,saab,std,4,sedan,fwd,front,99.1,0.8966842864007688,0.9197786998616876,0.9381270903010034,2695.0,ohc,four,121.0,mpfi,3.54,3.07,9.3,110.0,5250.0,21.0,28.0,12170.0,,2019.4,11.19047619047619,9.035714285714286,low,0,1,24.5
134,134,3.0,150,saab,std,2,hatchback,fwd,front,99.1,0.8966842864007688,0.9197786998616876,0.9381270903010034,2707.0,ohc,four,121.0,mpfi,2.54,2.07,9.3,110.0,5250.0,21.0,28.0,15040.0,,2019.4,11.19047619047619,9.035714285714286,low,0,1,24.60909090909091
135,135,2.0,104,saab,std,4,sedan,fwd,front,99.1,0.8966842864007688,0.9197786998616876,0.9381270903010034,2758.0,ohc,four,121.0,mpfi,3.54,3.07,9.3,110.0,5250.0,21.0,28.0,15510.0,,2019.4,11.19047619047619,9.035714285714286,low,0,1,25.072727272727274
136,136,3.0,150,saab,turbo,2,hatchback,fwd,front,99.1,0.8966842864007688,0.9197786998616876,0.9381270903010034,2808.0,dohc,four,121.0,mpfi,3.54,3.07,9.0,160.0,5500.0,19.0,26.0,18150.0,,2019.4,12.36842105263158,9.73076923076923,medium,0,1,17.55
137,137,2.0,104,saab,turbo,4,sedan,fwd,front,99.1,0.8966842864007688,0.9197786998616876,0.9381270903010034,2847.0,dohc,four,121.0,mpfi,3.54,3.07,9.0,160.0,5500.0,19.0,26.0,18620.0,,2019.4,12.36842105263158,9.73076923076923,medium,0,1,17.79375
138,138,2.0,83,subaru,std,2,hatchback,fwd,front,93.7,0.7539644401729938,0.8769017980636238,0.8979933110367894,2050.0,ohcf,four,97.0,2bbl,3.62,2.36,9.0,69.0,4900.0,31.0,36.0,5118.0,,2019.4,7.580645161290323,7.027777777777778,low,0,1,29.71014492753623
139,139,2.0,83,subaru,std,2,hatchback,fwd,front,93.7,0.758769822200865,0.8796680497925312,0.8979933110367894,2120.0,ohcf,four,108.0,2bbl,3.62,2.64,8.7,73.0,4400.0,26.0,31.0,7053.0,,2019.4,9.038461538461538,8.161290322580646,low,0,1,29.041095890410958
140,140,2.0,83,subaru,std,2,hatchback,4wd,front,93.3,0.7558865929841423,0.8824343015214384,0.931438127090301,2240.0,ohcf,four,108.0,2bbl,3.62,2.64,8.7,73.0,4400.0,26.0,31.0,7603.0,,2019.4,9.038461538461538,8.161290322580646,low,0,1,30.684931506849313
141,141,0.0,102,subaru,std,4,sedan,fwd,front,97.2,0.8265257087938491,0.9045643153526972,0.8779264214046824,2145.0,ohcf,four,108.0,2bbl,3.62,2.64,9.5,82.0,4800.0,32.0,37.0,7126.0,,2019.4,7.34375,6.837837837837838,low,0,1,26.158536585365855
142,142,0.0,102,subaru,std,4,sedan,fwd,front,97.2,0.8265257087938491,0.9045643153526972,0.8779264214046824,2190.0,ohcf,four,108.0,2bbl,3.62,2.64,9.5,82.0,4400.0,28.0,33.0,7775.0,,2019.4,8.392857142857142,7.666666666666667,low,0,1,26.70731707317073
143,143,0.0,102,subaru,std,4,sedan,fwd,front,97.2,0.8265257087938491,0.9045643153526972,0.8779264214046824,2340.0,ohcf,four,108.0,mpfi,3.62,2.64,9.0,94.0,5200.0,26.0,32.0,9960.0,,2019.4,9.038461538461538,7.90625,low,0,1,24.893617021276597
144,144,0.0,102,subaru,std,4,sedan,4wd,front,97.0,0.8265257087938491,0.9045643153526972,0.9080267558528428,2385.0,ohcf,four,108.0,2bbl,3.62,2.64,9.0,82.0,4800.0,24.0,25.0,9233.0,,2019.4,9.791666666666666,10.12,low,0,1,29.085365853658537
145,145,0.0,102,subaru,turbo,4,sedan,4wd,front,97.0,0.8265257087938491,0.9045643153526972,0.9080267558528428,2510.0,ohcf,four,108.0,mpfi,3.62,2.64,7.7,111.0,4800.0,24.0,29.0,11259.0,,2019.4,9.791666666666666,8.724137931034482,low,0,1,22.61261261261261
146,146,0.0,89,subaru,std,4,wagon,fwd,front,97.0,0.8337337818356559,0.9045643153526972,0.8862876254180603,2290.0,ohcf,four,108.0,2bbl,3.62,2.64,9.0,82.0,4800.0,28.0,32.0,7463.0,,2019.4,8.392857142857142,7.90625,low,0,1,27.926829268292682
147,147,0.0,89,subaru,std,4,wagon,fwd,front,97.0,0.8337337818356559,0.9045643153526972,0.8862876254180603,2455.0,ohcf,four,108.0,mpfi,3.62,2.64,9.0,94.0,5200.0,25.0,31.0,10198.0,,2019.4,9.4,8.161290322580646,low,0,1,26.117021276595743
148,148,0.0,85,subaru,std,4,wagon,4wd,front,96.9,0.8342143200384431,0.9045643153526972,0.9180602006688964,2420.0,ohcf,four,108.0,2bbl,3.62,2.64,9.0,82.0,4800.0,23.0,29.0,8013.0,,2019.4,10.217391304347826,8.724137931034482,low,0,1,29.51219512195122
149,149,0.0,85,subaru,turbo,4,wagon,4wd,front,96.9,0.8342143200384431,0.9045643153526972,0.9180602006688964,2650.0,ohcf,four,108.0,mpfi,3.62,2.64,7.7,111.0,4800.0,23.0,23.0,11694.0,,2019.4,10.217391304347826,11.0,low,0,1,23.873873873873872
150,150,1.0,87,toyota,std,2,hatchback,fwd,front,95.7,0.762614127823162,0.8796680497925312,0.911371237458194,1985.0,ohc,four,92.0,2bbl,3.05,3.03,9.0,62.0,4800.0,35.0,39.0,5348.0,,2019.4,6.714285714285714,6.487179487179487,low,0,1,32.016129032258064
151,151,1.0,87,toyota,std,2,hatchback,fwd,front,95.7,0.762614127823162,0.8796680497925312,0.911371237458194,2040.0,ohc,four,92.0,2bbl,3.05,3.03,9.0,62.0,4800.0,31.0,38.0,6338.0,,2019.4,7.580645161290323,6.657894736842105,low,0,1,32.903225806451616
152,152,1.0,74,toyota,std,4,hatchback,fwd,front,95.7,0.762614127823162,0.8796680497925312,0.911371237458194,2015.0,ohc,four,92.0,2bbl,3.05,3.03,9.0,62.0,4800.0,31.0,38.0,6488.0,,2019.4,7.580645161290323,6.657894736842105,low,0,1,32.5
153,153,0.0,77,toyota,std,4,wagon,fwd,front,95.7,0.8154733301297453,0.8796680497925312,0.988294314381271,2280.0,ohc,four,92.0,2bbl,3.05,3.03,9.0,62.0,4800.0,31.0,37.0,6918.0,,2019.4,7.580645161290323,6.837837837837838,low,0,1,36.774193548387096
154,154,0.0,81,toyota,std,4,wagon,4wd,front,95.7,0.8154733301297453,0.8796680497925312,0.988294314381271,2290.0,ohc,four,92.0,2bbl,3.05,3.03,9.0,62.0,4800.0,27.0,32.0,7898.0,,2019.4,8.703703703703704,7.90625,low,0,1,36.935483870967744
155,155,0.0,91,toyota,std,4,wagon,4wd,front,95.7,0.8154733301297453,0.8796680497925312,0.988294314381271,3110.0,ohc,four,92.0,2bbl,3.05,3.03,9.0,62.0,4800.0,27.0,32.0,8778.0,,2019.4,8.703703703703704,7.90625,low,0,1,50.16129032258065
156,156,0.0,91,toyota,std,4,sedan,fwd,front,95.7,0.7991350312349833,0.8907330567081606,0.8862876254180603,2081.0,ohc,four,98.0,2bbl,3.19,3.03,9.0,70.0,4800.0,30.0,37.0,6938.0,,2019.4,7.833333333333333,6.837837837837838,low,0,1,29.728571428571428
157,157,0.0,91,toyota,std,4,hatchback,fwd,front,95.7,0.7991350312349833,0.8907330567081606,0.882943143812709,2109.0,ohc,four,98.0,2bbl,3.19,3.03,9.0,70.0,4800.0,30.0,37.0,7198.0,,2019.4,7.833333333333333,6.837837837837838,low,0,1,30.12857142857143
158,158,0.0,91,toyota,std,4,sedan,fwd,front,95.7,0.7991350312349833,0.8907330567081606,0.8862876254180603,2275.0,ohc,four,110.0,idi,3.27,3.35,22.5,56.0,4500.0,34.0,36.0,7898.0,,2019.4,6.911764705882353,7.027777777777778,low,1,0,40.625
159,159,0.0,91,toyota,std,4,hatchback,fwd,front,95.7,0.7991350312349833,0.8907330567081606,0.882943143812709,2275.0,ohc,four,110.0,idi,3.27,3.35,22.5,56.0,4500.0,38.0,47.0,7788.0,,2019.4,6.184210526315789,5.382978723404255,low,1,0,40.625
160,160,0.0,91,toyota,std,4,sedan,fwd,front,95.7,0.7991350312349833,0.8907330567081606,0.8862876254180603,2094.0,ohc,four,98.0,2bbl,3.19,3.03,9.0,70.0,4800.0,38.0,47.0,7738.0,,2019.4,6.184210526315789,5.382978723404255,low,0,1,29.914285714285715
161,161,0.0,91,toyota,std,4,hatchback,fwd,front,95.7,0.7991350312349833,0.8907330567081606,0.882943143812709,2122.0,ohc,four,98.0,2bbl,3.19,3.03,9.0,70.0,4800.0,28.0,34.0,8358.0,,2019.4,8.392857142857142,7.4411764705882355,low,0,1,30.314285714285713
162,162,0.0,91,toyota,std,4,sedan,fwd,front,95.7,0.7991350312349833,0.8907330567081606,0.882943143812709,2140.0,ohc,four,98.0,2bbl,3.19,3.03,9.0,70.0,4800.0,28.0,34.0,9258.0,,2019.4,8.392857142857142,7.4411764705882355,low,0,1,30.571428571428573
163,163,1.0,168,toyota,std,2,sedan,rwd,front,94.5,0.810667948101874,0.8852005532503459,0.8795986622073579,2169.0,ohc,four,98.0,2bbl,3.19,3.03,9.0,70.0,4800.0,29.0,34.0,8058.0,,2019.4,8.10344827586207,7.4411764705882355,low,0,1,30.985714285714284
164,164,1.0,168,toyota,std,2,hatchback,rwd,front,94.5,0.810667948101874,0.8852005532503459,0.8795986622073579,2204.0,ohc,four,98.0,2bbl,3.19,3.03,9.0,70.0,4800.0,29.0,34.0,8238.0,,2019.4,8.10344827586207,7.4411764705882355,low,0,1,31.485714285714284
165,165,1.0,168,toyota,std,2,sedan,rwd,front,94.5,0.810667948101874,0.8852005532503459,0.8795986622073579,2265.0,dohc,four,98.0,mpfi,3.24,3.08,9.4,112.0,6600.0,26.0,29.0,9298.0,,2019.4,9.038461538461538,8.724137931034482,low,0,1,20.223214285714285
166,166,1.0,168,toyota,std,2,hatchback,rwd,front,94.5,0.810667948101874,0.8852005532503459,0.8795986622073579,2300.0,dohc,four,98.0,mpfi,3.24,3.08,9.4,112.0,6600.0,26.0,29.0,9538.0,,2019.4,9.038461538461538,8.724137931034482,low,0,1,20.535714285714285
167,167,2.0,134,toyota,std,2,hardtop,rwd,front,98.4,0.8467083133109082,0.9073305670816044,0.8695652173913044,2540.0,ohc,four,146.0,mpfi,3.62,3.5,9.3,116.0,4800.0,24.0,30.0,8449.0,,2019.4,9.791666666666666,8.433333333333334,low,0,1,21.896551724137932
168,168,2.0,134,toyota,std,2,hardtop,rwd,front,98.4,0.8467083133109082,0.9073305670816044,0.8695652173913044,2536.0,ohc,four,146.0,mpfi,3.62,3.5,9.3,116.0,4800.0,24.0,30.0,9639.0,,2019.4,9.791666666666666,8.433333333333334,low,0,1,21.862068965517242
169,169,2.0,134,toyota,std,2,hatchback,rwd,front,98.4,0.8467083133109082,0.9073305670816044,0.8695652173913044,2551.0,ohc,four,146.0,mpfi,3.62,3.5,9.3,116.0,4800.0,24.0,30.0,9989.0,,2019.4,9.791666666666666,8.433333333333334,low,0,1,21.99137931034483
170,170,2.0,134,toyota,std,2,hardtop,rwd,front,98.4,0.8467083133109082,0.9073305670816044,0.8695652173913044,2679.0,ohc,four,146.0,mpfi,3.62,3.5,9.3,116.0,4800.0,24.0,30.0,11199.0,,2019.4,9.791666666666666,8.433333333333334,low,0,1,23.094827586206897
171,171,2.0,134,toyota,std,2,hatchback,rwd,front,98.4,0.8467083133109082,0.9073305670816044,0.8695652173913044,2714.0,ohc,four,146.0,mpfi,3.62,3.5,9.3,116.0,4800.0,24.0,30.0,11549.0,,2019.4,9.791666666666666,8.433333333333334,low,0,1,23.396551724137932
172,172,2.0,134,toyota,std,2,convertible,rwd,front,98.4,0.8467083133109082,0.9073305670816044,0.8862876254180603,2975.0,ohc,four,146.0,mpfi,3.62,3.5,9.3,116.0,4800.0,24.0,30.0,17669.0,,2019.4,9.791666666666666,8.433333333333334,low,0,1,25.646551724137932
173,173,-1.0,65,toyota,std,4,sedan,fwd,front,102.4,0.8438250840941854,0.9197786998616876,0.9180602006688964,2326.0,ohc,four,122.0,mpfi,3.31,3.54,8.7,92.0,4200.0,29.0,34.0,8948.0,,2019.4,8.10344827586207,7.4411764705882355,low,0,1,25.282608695652176
174,174,-1.0,65,toyota,turbo,4,sedan,fwd,front,102.4,0.8438250840941854,0.9197786998616876,0.9180602006688964,2480.0,ohc,four,110.0,idi,3.27,3.35,22.5,73.0,4500.0,30.0,33.0,10698.0,,2019.4,7.833333333333333,7.666666666666667,low,1,0,33.97260273972603
175,175,-1.0,65,toyota,std,4,hatchback,fwd,front,102.4,0.8438250840941854,0.9197786998616876,0.9013377926421404,2414.0,ohc,four,122.0,mpfi,3.31,3.54,8.7,92.0,4200.0,27.0,32.0,9988.0,,2019.4,8.703703703703704,7.90625,low,0,1,26.23913043478261
176,176,-1.0,65,toyota,std,4,sedan,fwd,front,102.4,0.8438250840941854,0.9197786998616876,0.9180602006688964,2414.0,ohc,four,122.0,mpfi,3.31,3.54,8.7,92.0,4200.0,27.0,32.0,10898.0,,2019.4,8.703703703703704,7.90625,low,0,1,26.23913043478261
177,177,-1.0,65,toyota,std,4,hatchback,fwd,front,102.4,0.8438250840941854,0.9197786998616876,0.9013377926421404,2458.0,ohc,four,122.0,mpfi,3.31,3.54,8.7,92.0,4200.0,27.0,32.0,11248.0,,2019.4,8.703703703703704,7.90625,low,0,1,26.717391304347824
178,178,3.0,197,toyota,std,2,hatchback,rwd,front,102.9,0.8817876021143681,0.9363762102351316,0.8695652173913044,2976.0,dohc,six,171.0,mpfi,3.27,3.35,9.3,161.0,5200.0,20.0,24.0,16558.0,,2019.4,11.75,10.541666666666666,medium,0,1,18.48447204968944
179,179,3.0,197,toyota,std,2,hatchback,rwd,front,102.9,0.8817876021143681,0.9363762102351316,0.8695652173913044,3016.0,dohc,six,171.0,mpfi,3.27,3.35,9.3,161.0,5200.0,19.0,24.0,15998.0,,2019.4,12.36842105263158,10.541666666666666,medium,0,1,18.732919254658384
180,180,-1.0,90,toyota,std,4,sedan,rwd,front,104.5,0.9024507448342144,0.9197786998616876,0.9046822742474916,3131.0,dohc,six,171.0,mpfi,3.27,3.35,9.2,156.0,5200.0,20.0,24.0,15690.0,,2019.4,11.75,10.541666666666666,medium,0,1,20.07051282051282
181,181,-1.0,122,toyota,std,4,wagon,rwd,front,104.5,0.9024507448342144,0.9197786998616876,0.9046822742474916,3151.0,dohc,six,161.0,mpfi,3.27,3.35,9.2,156.0,5200.0,19.0,24.0,15750.0,,2019.4,12.36842105263158,10.541666666666666,medium,0,1,20.19871794871795
182,182,2.0,122,volkswagen,std,2,sedan,fwd,front,97.3,0.8250840941854877,0.9059474412171508,0.931438127090301,2261.0,ohc,four,97.0,idi,3.01,3.4,23.0,52.0,4800.0,37.0,46.0,7775.0,,2019.4,6.351351351351352,5.5,low,1,0,43.48076923076923
183,183,2.0,122,volkswagen,std,2,sedan,fwd,front,97.3,0.8250840941854877,0.9059474412171508,0.931438127090301,2209.0,ohc,four,109.0,mpfi,3.19,3.4,9.0,85.0,5250.0,27.0,34.0,7975.0,,2019.4,8.703703703703704,7.4411764705882355,low,0,1,25.988235294117647
184,184,2.0,94,volkswagen,std,4,sedan,fwd,front,97.3,0.8250840941854877,0.9059474412171508,0.931438127090301,2264.0,ohc,four,97.0,idi,3.01,3.4,23.0,52.0,4800.0,37.0,46.0,7995.0,,2019.4,6.351351351351352,5.5,low,1,0,43.53846153846154
185,185,2.0,94,volkswagen,std,4,sedan,fwd,front,97.3,0.8250840941854877,0.9059474412171508,0.931438127090301,2212.0,ohc,four,109.0,mpfi,3.19,3.4,9.0,85.0,5250.0,27.0,34.0,8195.0,,2019.4,8.703703703703704,7.4411764705882355,low,0,1,26.023529411764706
186,186,2.0,94,volkswagen,std,4,sedan,fwd,front,97.3,0.8250840941854877,0.9059474412171508,0.931438127090301,2275.0,ohc,four,109.0,mpfi,3.19,3.4,9.0,85.0,5250.0,27.0,34.0,8495.0,,2019.4,8.703703703703704,7.4411764705882355,low,0,1,26.764705882352942
187,187,2.0,94,volkswagen,turbo,4,sedan,fwd,front,97.3,0.8250840941854877,0.9059474412171508,0.931438127090301,2319.0,ohc,four,97.0,idi,3.01,3.4,23.0,68.0,4500.0,37.0,42.0,9495.0,,2019.4,6.351351351351352,6.023809523809524,low,1,0,34.10294117647059
188,188,2.0,94,volkswagen,std,4,sedan,fwd,front,97.3,0.8250840941854877,0.9059474412171508,0.931438127090301,2300.0,ohc,four,109.0,mpfi,3.19,3.4,10.0,100.0,5500.0,26.0,32.0,9995.0,,2019.4,9.038461538461538,7.90625,low,0,1,23.0
189,189,3.0,122,volkswagen,std,2,convertible,fwd,front,94.5,0.7654973570398848,0.8879668049792532,0.9297658862876256,2254.0,ohc,four,109.0,mpfi,3.19,3.4,8.5,90.0,5500.0,24.0,29.0,11595.0,,2019.4,9.791666666666666,8.724137931034482,low,0,1,25.044444444444444
190,190,3.0,256,volkswagen,std,2,hatchback,fwd,front,94.5,0.7962518020182604,0.8852005532503459,0.8595317725752508,2221.0,ohc,four,109.0,mpfi,3.19,3.4,8.5,90.0,5500.0,24.0,29.0,9980.0,,2019.4,9.791666666666666,8.724137931034482,low,0,1,24.677777777777777
191,191,0.0,122,volkswagen,std,4,sedan,fwd,front,100.4,0.865929841422393,0.9253112033195022,0.9214046822742477,2661.0,ohc,five,136.0,mpfi,3.19,3.4,8.5,110.0,5500.0,19.0,24.0,13295.0,,2019.4,12.36842105263158,10.541666666666666,low,0,1,24.19090909090909
192,192,0.0,122,volkswagen,turbo,4,sedan,fwd,front,100.4,0.865929841422393,0.9253112033195022,0.9214046822742477,2579.0,ohc,four,97.0,idi,3.01,3.4,23.0,68.0,4500.0,33.0,38.0,13845.0,,2019.4,7.121212121212121,6.657894736842105,low,1,0,37.9264705882353
193,193,0.0,122,volkswagen,std,4,wagon,fwd,front,100.4,0.8798654493032196,0.9253112033195022,0.9214046822742477,2563.0,ohc,four,109.0,mpfi,3.19,3.4,9.0,88.0,5500.0,25.0,31.0,12290.0,,2019.4,9.4,8.161290322580646,low,0,1,29.125
194,194,-2.0,103,volvo,std,4,sedan,rwd,front,104.3,0.9072561268620856,0.9294605809128632,0.939799331103679,2912.0,ohc,four,141.0,mpfi,3.78,3.15,9.5,114.0,5400.0,23.0,28.0,12940.0,,2019.4,10.217391304347826,9.035714285714286,low,0,1,25.54385964912281
195,195,-1.0,74,volvo,std,4,wagon,rwd,front,104.3,0.9072561268620856,0.9294605809128632,0.9615384615384616,3034.0,ohc,four,141.0,mpfi,3.78,3.15,9.5,114.0,5400.0,23.0,28.0,13415.0,,2019.4,10.217391304347826,9.035714285714286,low,0,1,26.614035087719298
196,196,-2.0,103,volvo,std,4,sedan,rwd,front,104.3,0.9072561268620856,0.9294605809128632,0.939799331103679,2935.0,ohc,four,141.0,mpfi,3.78,3.15,9.5,114.0,5400.0,24.0,28.0,15985.0,,2019.4,9.791666666666666,9.035714285714286,low,0,1,25.74561403508772
197,197,-1.0,74,volvo,std,4,wagon,rwd,front,104.3,0.9072561268620856,0.9294605809128632,0.9615384615384616,3042.0,ohc,four,141.0,mpfi,3.78,3.15,9.5,114.0,5400.0,24.0,28.0,16515.0,,2019.4,9.791666666666666,9.035714285714286,low,0,1,26.68421052631579
198,198,-2.0,103,volvo,turbo,4,sedan,rwd,front,104.3,0.9072561268620856,0.9294605809128632,0.939799331103679,3045.0,ohc,four,130.0,mpfi,3.62,3.15,7.5,162.0,5100.0,17.0,22.0,18420.0,,2019.4,13.823529411764708,11.5,medium,0,1,18.796296296296298
199,199,-1.0,74,volvo,turbo,4,wagon,rwd,front,104.3,0.9072561268620856,0.9294605809128632,0.9615384615384616,3157.0,ohc,four,130.0,mpfi,3.62,3.15,7.5,162.0,5100.0,17.0,22.0,18950.0,,2019.4,13.823529411764708,11.5,medium,0,1,19.487654320987655
200,200,-1.0,95,volvo,std,4,sedan,rwd,front,109.1,0.9072561268620856,0.9529737206085755,0.92809364548495,2952.0,ohc,four,141.0,mpfi,3.78,3.15,9.5,114.0,5400.0,23.0,28.0,16845.0,,2019.4,10.217391304347826,9.035714285714286,low,0,1,25.894736842105264
201,201,-1.0,95,volvo,turbo,4,sedan,rwd,front,109.1,0.9072561268620856,0.9515905947441216,0.92809364548495,3049.0,ohc,four,141.0,mpfi,3.78,3.15,8.7,160.0,5300.0,19.0,25.0,19045.0,,2019.4,12.36842105263158,10.12,medium,0,1,19.05625
202,202,-1.0,95,volvo,std,4,sedan,rwd,front,109.1,0.9072561268620856,0.9529737206085755,0.92809364548495,3012.0,ohcv,six,173.0,mpfi,3.58,2.87,8.8,134.0,5500.0,18.0,23.0,21485.0,,2019.4,13.055555555555555,11.0,medium,0,1,22.47761194029851
203,203,-1.0,95,volvo,turbo,4,sedan,rwd,front,109.1,0.9072561268620856,0.9529737206085755,0.92809364548495,3217.0,ohc,six,145.0,idi,3.01,3.4,23.0,106.0,4800.0,26.0,27.0,22470.0,,2019.4,9.038461538461538,9.37037037037037,low,1,0,30.349056603773583
204,204,-1.0,95,volvo,turbo,4,sedan,rwd,front,109.1,0.9072561268620856,0.9529737206085755,0.92809364548495,3062.0,ohc,four,141.0,mpfi,3.78,3.15,9.5,114.0,5400.0,19.0,25.0,22625.0,,2019.4,12.36842105263158,10.12,low,0,1,26.859649122807017
205,205,0.8341463414634146,122,Cadillac,std,4,sedan,fwd,front,98.75658536585364,0.8363732258177942,0.9115878959619472,0.8984093319194062,2555.5658536585365,ohc,four,126.90731707317072,mpfi,3.3297512437810943,3.255422885572139,10.142536585365855,104.256157635468,5125.369458128079,25.21951219512195,30.75121951219512,13207.129353233831,XT5,2019.0,9.318181818181818,8.227315989847716,low,0,1,24.512373289202554
206,206,0.8341463414634146,122,Cadillac,std,4,sedan,fwd,front,98.75658536585364,0.8363732258177942,0.9115878959619472,0.8984093319194062,2555.5658536585365,ohc,four,126.90731707317072,mpfi,3.3297512437810943,3.255422885572139,10.142536585365855,104.256157635468,5125.369458128079,25.21951219512195,30.75121951219512,13207.129353233831,CTS,2020.0,9.318181818181818,8.227315989847716,low,0,1,24.512373289202554
207,207,0.8341463414634146,122,Cadillac,std,4,sedan,fwd,front,98.75658536585364,0.8363732258177942,0.9115878959619472,0.8984093319194062,2555.5658536585365,ohc,four,126.90731707317072,mpfi,3.3297512437810943,3.255422885572139,10.142536585365855,104.256157635468,5125.369458128079,25.21951219512195,30.75121951219512,13207.129353233831,Escalade,2021.0,9.318181818181818,8.227315989847716,low,0,1,24.512373289202554
208,208,0.8341463414634146,122,Ford,std,4,sedan,fwd,front,98.75658536585364,0.8363732258177942,0.9115878959619472,0.8984093319194062,2555.5658536585365,ohc,four,126.90731707317072,mpfi,3.3297512437810943,3.255422885572139,10.142536585365855,104.256157635468,5125.369458128079,25.21951219512195,30.75121951219512,13207.129353233831,Mustang,2018.0,9.318181818181818,8.227315989847716,low,0,1,24.512373289202554
209,209,0.8341463414634146,122,Ford,std,4,sedan,fwd,front,98.75658536585364,0.8363732258177942,0.9115878959619472,0.8984093319194062,2555.5658536585365,ohc,four,126.90731707317072,mpfi,3.3297512437810943,3.255422885572139,10.142536585365855,104.256157635468,5125.369458128079,25.21951219512195,30.75121951219512,13207.129353233831,Fusion,2019.0,9.318181818181818,8.227315989847716,low,0,1,24.512373289202554
210,210,0.8341463414634146,122,Ford,std,4,sedan,fwd,front,98.75658536585364,0.8363732258177942,0.9115878959619472,0.8984093319194062,2555.5658536585365,ohc,four,126.90731707317072,mpfi,3.3297512437810943,3.255422885572139,10.142536585365855,104.256157635468,5125.369458128079,25.21951219512195,30.75121951219512,13207.129353233831,Escape,2020.0,9.318181818181818,8.227315989847716,low,0,1,24.512373289202554
211,211,0.8341463414634146,122,Chrysler,std,4,sedan,fwd,front,98.75658536585364,0.8363732258177942,0.9115878959619472,0.8984093319194062,2555.5658536585365,ohc,four,126.90731707317072,mpfi,3.3297512437810943,3.255422885572139,10.142536585365855,104.256157635468,5125.369458128079,25.21951219512195,30.75121951219512,13207.129353233831,300,2018.0,9.318181818181818,8.227315989847716,low,0,1,24.512373289202554
212,212,0.8341463414634146,122,Chrysler,std,4,sedan,fwd,front,98.75658536585364,0.8363732258177942,0.9115878959619472,0.8984093319194062,2555.5658536585365,ohc,four,126.90731707317072,mpfi,3.3297512437810943,3.255422885572139,10.142536585365855,104.256157635468,5125.369458128079,25.21951219512195,30.75121951219512,13207.129353233831,Pacifica,2019.0,9.318181818181818,8.227315989847716,low,0,1,24.512373289202554
213,213,0.8341463414634146,122,Chrysler,std,4,sedan,fwd,front,98.75658536585364,0.8363732258177942,0.9115878959619472,0.8984093319194062,2555.5658536585365,ohc,four,126.90731707317072,mpfi,3.3297512437810943,3.255422885572139,10.142536585365855,104.256157635468,5125.369458128079,25.21951219512195,30.75121951219512,13207.129353233831,Sebring,2020.0,9.318181818181818,8.227315989847716,low,0,1,24.512373289202554
214,214,0.8341463414634146,122,GMC,std,4,sedan,fwd,front,98.75658536585364,0.8363732258177942,0.9115878959619472,0.8984093319194062,2555.5658536585365,ohc,four,126.90731707317072,mpfi,3.3297512437810943,3.255422885572139,10.142536585365855,104.256157635468,5125.369458128079,25.21951219512195,30.75121951219512,13207.129353233831,Sierra,2017.0,9.318181818181818,8.227315989847716,low,0,1,24.512373289202554
215,215,0.8341463414634146,122,GMC,std,4,sedan,fwd,front,98.75658536585364,0.8363732258177942,0.9115878959619472,0.8984093319194062,2555.5658536585365,ohc,four,126.90731707317072,mpfi,3.3297512437810943,3.255422885572139,10.142536585365855,104.256157635468,5125.369458128079,25.21951219512195,30.75121951219512,13207.129353233831,Acadia,2018.0,9.318181818181818,8.227315989847716,low,0,1,24.512373289202554
216,216,0.8341463414634146,122,GMC,std,4,sedan,fwd,front,98.75658536585364,0.8363732258177942,0.9115878959619472,0.8984093319194062,2555.5658536585365,ohc,four,126.90731707317072,mpfi,3.3297512437810943,3.255422885572139,10.142536585365855,104.256157635468,5125.369458128079,25.21951219512195,30.75121951219512,13207.129353233831,Terrain,2019.0,9.318181818181818,8.227315989847716,low,0,1,24.512373289202554
217,217,0.8341463414634146,122,Kia,std,4,sedan,fwd,front,98.75658536585364,0.8363732258177942,0.9115878959619472,0.8984093319194062,2555.5658536585365,ohc,four,126.90731707317072,mpfi,3.3297512437810943,3.255422885572139,10.142536585365855,104.256157635468,5125.369458128079,25.21951219512195,30.75121951219512,13207.129353233831,Optima,2020.0,9.318181818181818,8.227315989847716,low,0,1,24.512373289202554
218,218,0.8341463414634146,122,Kia,std,4,sedan,fwd,front,98.75658536585364,0.8363732258177942,0.9115878959619472,0.8984093319194062,2555.5658536585365,ohc,four,126.90731707317072,mpfi,3.3297512437810943,3.255422885572139,10.142536585365855,104.256157635468,5125.369458128079,25.21951219512195,30.75121951219512,13207.129353233831,Sorento,2021.0,9.318181818181818,8.227315989847716,low,0,1,24.512373289202554
219,219,0.8341463414634146,122,Kia,std,4,sedan,fwd,front,98.75658536585364,0.8363732258177942,0.9115878959619472,0.8984093319194062,2555.5658536585365,ohc,four,126.90731707317072,mpfi,3.3297512437810943,3.255422885572139,10.142536585365855,104.256157635468,5125.369458128079,25.21951219512195,30.75121951219512,13207.129353233831,Stinger,2022.0,9.318181818181818,8.227315989847716,low,0,1,24.512373289202554
